Workbook

Sheet Dashboard
A1: Grocery Budget vs Actual — July 2026
A2: Chennai household grocery run
A4: Estimated Total | C4: =Data!F46 -> 4179
A5: Actual Total | C5: =Data!G46 -> 5667
A6: Total Overspend | C6: =Data!H46 -> 1488
A7: % Over Budget | C7: =Data!H46/Data!F46 -> 0.35606604
A8: Price-Hike Impact (planned items) | C8: =SUMIF(Data!C:C,"Planned",Data!H:H) -> 225
A9: Unplanned Item Spend | C9: =SUMIF(Data!C:C,"Unplanned",Data!G:G) -> 1263
A10: Items Bought Not on List | C10: =COUNTIF(Data!C:C,"Unplanned") -> 17
A13: Read: 'Category Summary' for the chart breakdown, 'Data' for line-item detail.

Sheet Data
A1: Item | B1: Category | C1: Status | D1: Est. Qty | E1: Actual Qty | F1: Est. Price (₹) | G1: Actual Price (₹) | H1: Variance (₹) | I1: Variance %
A2: Turmeric Powder | B2: Spices & Masala | C2: Planned | D2: 200g | E2: 200g | F2: 50 | G2: 56 | H2: =G2-F2 -> 6 | I2: =IF(F2=0,"",(G2-F2)/F2) -> 0.12
A3: Rice Bran Oil | B3: Oil | C3: Planned | D3: 5l | E3: 5l | F3: 750 | G3: 750 | H3: =G3-F3 -> 0 | I3: =IF(F3=0,"",(G3-F3)/F3) -> 0
A4: Pooja Oil | B4: Oil | C4: Planned | D4: 3l | E4: 3l | F4: 390 | G4: 500 | H4: =G4-F4 -> 110 | I4: =IF(F4=0,"",(G4-F4)/F4) -> 0.28205128
A5: Mustard seeds | B5: Spices & Masala | C5: Planned | D5: 200g | E5: 200g | F5: 40 | G5: 45 | H5: =G5-F5 -> 5 | I5: =IF(F5=0,"",(G5-F5)/F5) -> 0.125
A6: Pepper | B6: Spices & Masala | C6: Planned | D6: 50g | E6: 100g | F6: 74 | G6: 140 | H6: =G6-F6 -> 66 | I6: =IF(F6=0,"",(G6-F6)/F6) -> 0.89189189
A7: Jeera | B7: Spices & Masala | C7: Planned | D7: 50g | E7: 100g | F7: 30 | G7: 42 | H7: =G7-F7 -> 12 | I7: =IF(F7=0,"",(G7-F7)/F7) -> 0.4
A8: Fenugreek | B8: Spices & Masala | C8: Planned | D8: 50g | E8: 100g | F8: 30 | G8: 45 | H8: =G8-F8 -> 15 | I8: =IF(F8=0,"",(G8-F8)/F8) -> 0.5
A9: Big Jeera | B9: Spices & Masala | C9: Planned | D9: 100g | E9: 100g | F9: 59 | G9: 44 | H9: =G9-F9 -> -15 | I9: =IF(F9=0,"",(G9-F9)/F9) -> -0.25423729
A10: Urad Dhal | B10: Grains & Pulses | C10: Planned | D10: 2kg | E10: 2kg | F10: 290 | G10: 222 | H10: =G10-F10 -> -68 | I10: =IF(F10=0,"",(G10-F10)/F10) -> -0.23448276
A11: Toor Dhal | B11: Grains & Pulses | C11: Planned | D11: 2kg | E11: 2kg | F11: 300 | G11: 300 | H11: =G11-F11 -> 0 | I11: =IF(F11=0,"",(G11-F11)/F11) -> 0
A12: Idli Rice | B12: Grains & Pulses | C12: Planned | D12: 3kg | E12: 3kg | F12: 180 | G12: 134 | H12: =G12-F12 -> -46 | I12: =IF(F12=0,"",(G12-F12)/F12) -> -0.25555556
A13: Basmathi Rice | B13: Grains & Pulses | C13: Planned | D13: 2kg | E13: 2kg | F13: 180 | G13: 223 | H13: =G13-F13 -> 43 | I13: =IF(F13=0,"",(G13-F13)/F13) -> 0.23888889
... A45: Corieander Powder | B45: Spices & Masala | C45: Unplanned | D45: 0 | E45: 100g | F45: 0 | G45: 26 | H45: =G45-F45 -> 26 | I45: =IF(F45=0,"",(G45-F45)/F45)
A46: TOTAL | F46: =SUM(F2:F45) -> 4179 | G46: =SUM(G2:G45) -> 5667 | H46: =SUM(H2:H45) -> 1488 | I46: =H46/F46 -> 0.35606604

Sheet Category Summary
A1: Category-wise Spend Analysis
A2: June 2026 Grocery Run — Chennai
A4: Category | B4: Est. Total (₹) | C4: Actual Total (₹) | D4: Variance (₹) | E4: Variance %
A5: Cleaning & Household | B5: =SUMIF(Data!B:B,A5,Data!F:F) -> 633 | C5: =SUMIF(Data!B:B,A5,Data!G:G) -> 929 | D5: =C5-B5 -> 296 | E5: =IF(B5=0,"",D5/B5) -> 0.46761453
A6: Grains & Pulses | B6: =SUMIF(Data!B:B,A6,Data!F:F) -> 1493 | C6: =SUMIF(Data!B:B,A6,Data!G:G) -> 1822 | D6: =C6-B6 -> 329 | E6: =IF(B6=0,"",D6/B6) -> 0.22036169
A7: Oil | B7: =SUMIF(Data!B:B,A7,Data!F:F) -> 1140 | C7: =SUMIF(Data!B:B,A7,Data!G:G) -> 1250 | D7: =C7-B7 -> 110 | E7: =IF(B7=0,"",D7/B7) -> 0.096491228
A8: Others | B8: =SUMIF(Data!B:B,A8,Data!F:F) -> 0 | C8: =SUMIF(Data!B:B,A8,Data!G:G) -> 159 | D8: =C8-B8 -> 159 | E8: =IF(B8=0,"",D8/B8)
A9: Personal Care | B9: =SUMIF(Data!B:B,A9,Data!F:F) -> 330 | C9: =SUMIF(Data!B:B,A9,Data!G:G) -> 477 | D9: =C9-B9 -> 147 | E9: =IF(B9=0,"",D9/B9) -> 0.44545455
A10: Spices & Masala | B10: =SUMIF(Data!B:B,A10,Data!F:F) -> 583 | C10: =SUMIF(Data!B:B,A10,Data!G:G) -> 1030 | D10: =C10-B10 -> 447 | E10: =IF(B10=0,"",D10/B10) -> 0.76672384
A11: TOTAL | B11: =SUM(B5:B10) -> 4179 | C11: =SUM(C5:C10) -> 5667 | D11: =C11-B11 -> 1488 | E11: =D11/B11 -> 0.35606604
A14: Planned vs Unplanned Spend
A15: Status | B15: Actual Spend (₹)
A16: Planned | B16: =SUMIF(Data!C:C,"Planned",Data!G:G) -> 4404
A17: Unplanned | B17: =SUMIF(Data!C:C,"Unplanned",Data!G:G) -> 1263
